               epoch,      train/box_loss,      train/obj_loss,      train/cls_loss,   metrics/precision,      metrics/recall,     metrics/mAP_0.5,metrics/mAP_0.5:0.95,        val/box_loss,        val/obj_loss,        val/cls_loss,               x/lr0,               x/lr1,               x/lr2
                   0,            0.059455,            0.045086,           0.0082263,             0.86947,              0.8006,             0.85585,              0.4617,            0.034075,            0.037575,           0.0026973,           0.0033311,           0.0033311,             0.07002
                   1,            0.042866,            0.038854,            0.003844,             0.90498,             0.86817,             0.91166,             0.55339,            0.029211,            0.034389,           0.0023186,           0.0066642,           0.0066642,             0.04002
                   2,            0.037451,            0.036915,           0.0033112,             0.91261,             0.88688,             0.92643,             0.58797,            0.027099,            0.033062,           0.0018674,           0.0099967,           0.0099967,            0.010019
                   3,            0.033918,            0.035238,           0.0029313,             0.93158,             0.90467,             0.94234,             0.62374,            0.025255,            0.031132,           0.0016144,           0.0099978,           0.0099978,           0.0099978
                   4,               0.032,            0.033991,           0.0027159,             0.93739,             0.91713,             0.94988,             0.64502,            0.024038,            0.029965,           0.0014807,           0.0099978,           0.0099978,           0.0099978
                   5,            0.031013,            0.033232,           0.0025878,             0.94037,             0.92357,             0.95458,             0.65852,            0.023237,            0.029236,           0.0014094,           0.0099961,           0.0099961,           0.0099961
                   6,            0.030307,            0.032711,           0.0025265,              0.9462,             0.92507,             0.95747,             0.66803,            0.022609,            0.028683,           0.0013764,           0.0099938,           0.0099938,           0.0099938
                   7,             0.02977,            0.032207,            0.002476,             0.94762,             0.93333,             0.96092,             0.67862,            0.021963,            0.027984,           0.0013303,           0.0099911,           0.0099911,           0.0099911
                   8,            0.029317,            0.031808,           0.0024166,             0.95046,              0.9363,             0.96306,             0.68616,            0.021503,            0.027494,           0.0012934,           0.0099879,           0.0099879,           0.0099879
                   9,            0.029039,            0.031678,           0.0023986,              0.9521,               0.938,             0.96421,             0.69302,            0.021114,            0.027101,           0.0012754,           0.0099842,           0.0099842,           0.0099842
                  10,            0.028766,            0.031209,           0.0023819,             0.95479,             0.94072,             0.96584,             0.69935,            0.020686,            0.026676,           0.0012501,             0.00998,             0.00998,             0.00998
                  11,            0.028477,             0.03129,           0.0023496,             0.95769,             0.94016,             0.96674,              0.7051,            0.020323,            0.026332,           0.0012293,           0.0099753,           0.0099753,           0.0099753
                  12,             0.02823,            0.030876,           0.0023229,             0.95602,             0.94601,             0.96797,             0.70904,            0.020012,            0.025996,           0.0012139,           0.0099702,           0.0099702,           0.0099702
                  13,            0.028026,            0.030643,           0.0023179,             0.95832,              0.9458,             0.96851,             0.71303,            0.019732,            0.025746,           0.0012029,           0.0099645,           0.0099645,           0.0099645
                  14,            0.027816,            0.030466,           0.0022901,             0.95975,             0.94687,             0.96919,             0.71682,            0.019469,            0.025484,           0.0011913,           0.0099584,           0.0099584,           0.0099584
                  15,            0.027696,            0.030386,           0.0022884,             0.96182,             0.94689,             0.96972,             0.72054,             0.01925,             0.02525,            0.001183,           0.0099517,           0.0099517,           0.0099517
                  16,            0.027501,            0.030183,           0.0022741,             0.96271,             0.94801,              0.9702,              0.7229,            0.019058,            0.025047,           0.0011726,           0.0099446,           0.0099446,           0.0099446
                  17,            0.027401,              0.0301,           0.0022668,             0.96322,             0.94891,             0.97047,              0.7255,            0.018872,            0.024856,           0.0011644,            0.009937,            0.009937,            0.009937
                  18,            0.027247,            0.029843,           0.0022612,             0.96361,             0.94974,             0.97075,             0.72777,             0.01872,            0.024709,           0.0011589,           0.0099289,           0.0099289,           0.0099289
                  19,            0.027086,            0.029899,           0.0022377,             0.96367,              0.9506,             0.97117,              0.7296,            0.018581,            0.024579,           0.0011526,           0.0099203,           0.0099203,           0.0099203
                  20,            0.026943,            0.029592,           0.0022431,              0.9639,             0.95116,             0.97168,             0.73167,            0.018465,            0.024453,           0.0011479,           0.0099112,           0.0099112,           0.0099112
                  21,            0.026933,            0.029543,           0.0022364,             0.96354,             0.95231,             0.97196,             0.73297,            0.018366,            0.024353,            0.001144,           0.0099017,           0.0099017,           0.0099017
                  22,            0.026767,            0.029407,           0.0022176,             0.96389,             0.95263,             0.97213,             0.73424,            0.018285,            0.024271,           0.0011409,           0.0098916,           0.0098916,           0.0098916
                  23,             0.02663,            0.029483,           0.0022089,             0.96544,             0.95173,             0.97237,             0.73565,            0.018207,            0.024195,           0.0011376,           0.0098811,           0.0098811,           0.0098811
                  24,            0.026527,            0.029364,           0.0022075,             0.96499,             0.95268,             0.97253,             0.73669,            0.018138,            0.024123,           0.0011349,           0.0098701,           0.0098701,           0.0098701
                  25,            0.026488,            0.029308,           0.0022045,             0.96608,             0.95214,             0.97273,              0.7376,            0.018072,            0.024055,           0.0011323,           0.0098586,           0.0098586,           0.0098586
                  26,            0.026394,            0.029285,            0.002203,             0.96533,             0.95333,              0.9728,             0.73863,             0.01801,            0.023991,             0.00113,           0.0098467,           0.0098467,           0.0098467
                  27,            0.026282,            0.029042,           0.0021828,             0.96549,             0.95367,             0.97296,             0.73951,            0.017951,            0.023932,           0.0011277,           0.0098342,           0.0098342,           0.0098342
                  28,            0.026309,            0.029052,           0.0021967,             0.96561,             0.95396,             0.97311,             0.74037,            0.017893,             0.02387,           0.0011256,           0.0098213,           0.0098213,           0.0098213
                  29,            0.026154,            0.028894,           0.0021967,             0.96485,             0.95522,             0.97327,              0.7414,            0.017836,            0.023807,           0.0011236,           0.0098079,           0.0098079,           0.0098079
                  30,            0.026082,            0.028736,           0.0021784,             0.96592,              0.9546,             0.97341,             0.74237,            0.017776,            0.023744,           0.0011218,           0.0097941,           0.0097941,           0.0097941
                  31,            0.026059,            0.028827,            0.002185,             0.96626,             0.95474,             0.97355,             0.74309,            0.017721,             0.02368,           0.0011197,           0.0097798,           0.0097798,           0.0097798
                  32,            0.026003,            0.028867,           0.0021728,              0.9657,             0.95569,             0.97367,             0.74385,            0.017666,            0.023618,           0.0011176,            0.009765,            0.009765,            0.009765
                  33,            0.025795,            0.028566,           0.0021588,             0.96578,             0.95614,             0.97382,             0.74483,            0.017609,            0.023557,           0.0011158,           0.0097497,           0.0097497,           0.0097497
                  34,            0.025765,            0.028595,           0.0021536,             0.96622,             0.95615,             0.97392,             0.74565,            0.017552,            0.023496,            0.001114,            0.009734,            0.009734,            0.009734
                  35,            0.025629,            0.028351,           0.0021325,             0.96674,             0.95619,             0.97404,             0.74658,            0.017493,            0.023432,           0.0011119,           0.0097178,           0.0097178,           0.0097178
                  36,            0.025579,            0.028378,           0.0021352,             0.96701,              0.9564,             0.97416,             0.74741,            0.017434,            0.023367,           0.0011099,           0.0097011,           0.0097011,           0.0097011
                  37,            0.025587,            0.028669,           0.0021244,             0.96795,             0.95606,             0.97432,             0.74853,            0.017376,            0.023297,           0.0011076,            0.009684,            0.009684,            0.009684
                  38,            0.025514,            0.028096,           0.0021378,             0.96858,             0.95588,             0.97444,             0.74933,            0.017315,            0.023234,           0.0011053,           0.0096664,           0.0096664,           0.0096664
                  39,            0.025487,            0.027964,           0.0021444,             0.96918,             0.95585,             0.97461,             0.75026,            0.017251,            0.023167,           0.0011031,           0.0096484,           0.0096484,           0.0096484
                  40,            0.025413,             0.02805,           0.0021364,             0.96934,             0.95603,             0.97471,             0.75143,            0.017189,              0.0231,           0.0011012,           0.0096299,           0.0096299,           0.0096299
                  41,            0.025338,            0.028043,           0.0021122,              0.9703,             0.95553,             0.97486,             0.75229,            0.017125,            0.023033,           0.0010991,            0.009611,            0.009611,            0.009611
                  42,            0.025256,            0.028013,            0.002149,             0.97055,             0.95571,             0.97494,             0.75315,            0.017066,            0.022968,           0.0010971,           0.0095916,           0.0095916,           0.0095916
                  43,            0.025294,            0.027872,           0.0021354,              0.9699,             0.95673,             0.97503,             0.75419,            0.017002,            0.022897,           0.0010949,           0.0095717,           0.0095717,           0.0095717
                  44,            0.025208,            0.027961,           0.0021199,             0.97147,             0.95575,             0.97515,             0.75501,            0.016938,             0.02283,           0.0010927,           0.0095514,           0.0095514,           0.0095514
                  45,            0.025107,            0.027952,           0.0021045,             0.97137,             0.95635,             0.97528,             0.75617,            0.016876,             0.02276,           0.0010906,           0.0095307,           0.0095307,           0.0095307
                  46,            0.025105,             0.02781,           0.0021205,             0.97139,             0.95691,              0.9754,             0.75697,            0.016813,            0.022691,           0.0010886,           0.0095095,           0.0095095,           0.0095095
                  47,            0.025085,            0.027809,           0.0021306,              0.9716,             0.95718,             0.97549,             0.75759,            0.016749,            0.022621,           0.0010867,           0.0094879,           0.0094879,           0.0094879
                  48,            0.025053,            0.027731,           0.0021214,             0.97149,             0.95772,             0.97558,             0.75845,            0.016687,            0.022551,           0.0010846,           0.0094659,           0.0094659,           0.0094659
                  49,            0.024999,            0.027717,           0.0021187,             0.97346,              0.9563,             0.97566,             0.75961,            0.016625,            0.022479,           0.0010825,           0.0094434,           0.0094434,           0.0094434
                  50,            0.024888,            0.027554,            0.002109,             0.97214,               0.958,             0.97575,             0.76062,            0.016559,            0.022408,           0.0010806,           0.0094205,           0.0094205,           0.0094205
                  51,             0.02483,            0.027471,           0.0020998,             0.97309,              0.9575,             0.97584,             0.76169,            0.016492,            0.022337,           0.0010786,           0.0093971,           0.0093971,           0.0093971
                  52,             0.02483,            0.027579,           0.0020973,             0.97311,             0.95791,             0.97593,             0.76253,            0.016429,             0.02227,           0.0010764,           0.0093733,           0.0093733,           0.0093733
                  53,            0.024794,            0.027349,           0.0021109,             0.97355,             0.95792,             0.97601,             0.76399,            0.016367,            0.022202,           0.0010741,           0.0093491,           0.0093491,           0.0093491
                  54,            0.024749,            0.027598,           0.0020969,             0.97452,             0.95739,             0.97606,             0.76513,            0.016305,            0.022135,           0.0010722,           0.0093245,           0.0093245,           0.0093245
                  55,            0.024701,            0.027379,           0.0020861,             0.97394,             0.95833,             0.97614,             0.76578,            0.016245,            0.022068,           0.0010701,           0.0092995,           0.0092995,           0.0092995
                  56,            0.024623,            0.027264,           0.0020935,             0.97464,             0.95808,             0.97625,             0.76638,            0.016186,            0.022004,           0.0010679,            0.009274,            0.009274,            0.009274
                  57,            0.024546,             0.02721,           0.0020759,             0.97317,             0.95979,             0.97633,             0.76744,             0.01613,            0.021941,           0.0010657,           0.0092481,           0.0092481,           0.0092481
                  58,            0.024615,            0.027267,           0.0020852,             0.97423,             0.95908,             0.97639,             0.76851,            0.016075,             0.02188,           0.0010639,           0.0092219,           0.0092219,           0.0092219
                  59,            0.024566,            0.027202,           0.0020894,             0.97433,             0.95934,             0.97645,             0.76928,            0.016024,            0.021824,           0.0010623,           0.0091952,           0.0091952,           0.0091952
                  60,            0.024483,            0.027148,           0.0020852,              0.9749,             0.95917,             0.97651,             0.76994,            0.015969,            0.021762,           0.0010605,           0.0091681,           0.0091681,           0.0091681
                  61,            0.024461,            0.027019,           0.0020836,             0.97416,             0.96022,             0.97658,             0.77085,            0.015916,            0.021697,           0.0010585,           0.0091406,           0.0091406,           0.0091406
                  62,            0.024374,            0.027109,           0.0020692,              0.9743,             0.96041,             0.97662,             0.77202,            0.015859,             0.02163,           0.0010565,           0.0091127,           0.0091127,           0.0091127
                  63,            0.024375,            0.026948,           0.0020816,             0.97453,             0.96057,             0.97671,              0.7728,            0.015804,            0.021567,           0.0010546,           0.0090844,           0.0090844,           0.0090844
                  64,            0.024387,            0.026946,           0.0020749,             0.97547,             0.96016,             0.97679,              0.7737,            0.015748,            0.021507,            0.001053,           0.0090557,           0.0090557,           0.0090557
                  65,            0.024281,            0.026828,           0.0020598,             0.97537,             0.96054,             0.97684,             0.77452,            0.015697,            0.021449,           0.0010513,           0.0090266,           0.0090266,           0.0090266
                  66,            0.024193,            0.026963,           0.0020574,             0.97524,             0.96104,             0.97689,             0.77536,            0.015645,             0.02139,           0.0010493,           0.0089972,           0.0089972,           0.0089972
                  67,            0.024196,            0.026939,           0.0020616,              0.9756,             0.96097,             0.97695,             0.77651,            0.015592,            0.021328,           0.0010472,           0.0089673,           0.0089673,           0.0089673
                  68,             0.02428,            0.027003,            0.002067,             0.97615,             0.96082,             0.97699,             0.77711,            0.015542,            0.021273,           0.0010452,           0.0089371,           0.0089371,           0.0089371
                  69,            0.024175,            0.026982,           0.0020651,             0.97593,             0.96142,             0.97709,             0.77796,            0.015492,            0.021215,           0.0010434,           0.0089065,           0.0089065,           0.0089065
                  70,            0.024109,            0.026764,           0.0020454,             0.97587,              0.9619,             0.97715,             0.77852,             0.01544,            0.021159,           0.0010417,           0.0088755,           0.0088755,           0.0088755
                  71,            0.024178,            0.026846,           0.0020655,             0.97636,             0.96173,             0.97721,             0.77915,            0.015394,            0.021107,             0.00104,           0.0088442,           0.0088442,           0.0088442
                  72,            0.024107,             0.02678,           0.0020689,             0.97675,             0.96161,             0.97726,             0.78004,             0.01535,            0.021053,           0.0010381,           0.0088124,           0.0088124,           0.0088124
                  73,            0.024026,            0.026603,           0.0020504,             0.97681,             0.96181,             0.97732,              0.7812,            0.015305,            0.020997,           0.0010362,           0.0087804,           0.0087804,           0.0087804
                  74,            0.024075,            0.026763,           0.0020659,             0.97759,             0.96141,              0.9774,             0.78222,            0.015258,             0.02094,           0.0010344,           0.0087479,           0.0087479,           0.0087479
                  75,            0.024058,            0.026839,           0.0020514,             0.97814,             0.96109,             0.97744,             0.78282,            0.015212,            0.020886,           0.0010327,           0.0087151,           0.0087151,           0.0087151
                  76,            0.023878,            0.026536,           0.0020418,             0.97844,             0.96111,              0.9775,             0.78341,            0.015164,            0.020831,           0.0010311,            0.008682,            0.008682,            0.008682
                  77,            0.023828,            0.026573,           0.0020335,             0.97763,             0.96217,             0.97755,               0.784,            0.015121,            0.020778,           0.0010297,           0.0086485,           0.0086485,           0.0086485
                  78,            0.023792,            0.026441,           0.0020222,             0.97766,             0.96235,             0.97761,             0.78444,            0.015079,            0.020728,           0.0010281,           0.0086146,           0.0086146,           0.0086146
                  79,            0.023823,            0.026504,           0.0020282,             0.97842,             0.96184,             0.97764,             0.78547,            0.015037,            0.020675,           0.0010264,           0.0085805,           0.0085805,           0.0085805
                  80,            0.023763,            0.026732,           0.0020164,             0.97877,             0.96168,             0.97768,             0.78615,            0.014993,            0.020623,           0.0010249,           0.0085459,           0.0085459,           0.0085459
                  81,            0.023724,            0.026188,           0.0020301,             0.97768,             0.96303,             0.97774,             0.78666,            0.014952,            0.020571,           0.0010232,           0.0085111,           0.0085111,           0.0085111
                  82,            0.023753,            0.026159,           0.0020362,             0.97754,             0.96339,             0.97778,             0.78725,            0.014913,            0.020523,           0.0010214,           0.0084759,           0.0084759,           0.0084759
                  83,            0.023687,             0.02627,           0.0020313,             0.97824,             0.96293,              0.9778,             0.78794,            0.014874,            0.020475,           0.0010199,           0.0084404,           0.0084404,           0.0084404
                  84,            0.023668,            0.026308,           0.0020115,             0.97896,             0.96249,             0.97783,             0.78859,            0.014835,            0.020427,           0.0010184,           0.0084046,           0.0084046,           0.0084046
                  85,            0.023612,            0.026234,           0.0020445,             0.97931,             0.96241,             0.97799,             0.78941,            0.014798,            0.020382,           0.0010169,           0.0083684,           0.0083684,           0.0083684
                  86,            0.023593,            0.026299,           0.0020316,             0.97892,             0.96306,             0.97808,             0.79031,             0.01476,            0.020336,           0.0010155,           0.0083319,           0.0083319,           0.0083319
                  87,             0.02357,            0.026137,            0.002024,             0.97834,             0.96387,             0.97876,             0.79104,            0.014721,            0.020288,           0.0010138,           0.0082952,           0.0082952,           0.0082952
                  88,            0.023538,            0.026051,            0.002024,             0.97857,             0.96388,             0.97874,             0.79164,            0.014683,            0.020242,           0.0010122,           0.0082581,           0.0082581,           0.0082581
                  89,             0.02349,            0.026122,           0.0020153,             0.97896,             0.96375,             0.97906,             0.79209,            0.014645,            0.020196,           0.0010105,           0.0082207,           0.0082207,           0.0082207
                  90,            0.023481,            0.026087,           0.0019979,              0.9798,             0.96317,             0.97927,             0.79265,            0.014607,             0.02015,           0.0010092,            0.008183,            0.008183,            0.008183
                  91,            0.023522,             0.02609,           0.0020297,             0.97907,             0.96411,             0.97936,             0.79336,            0.014569,            0.020103,           0.0010077,            0.008145,            0.008145,            0.008145
                  92,            0.023528,            0.026073,           0.0020411,             0.97953,             0.96392,             0.97945,              0.7938,            0.014533,            0.020058,           0.0010062,           0.0081068,           0.0081068,           0.0081068
                  93,            0.023371,            0.026097,           0.0020071,             0.97923,             0.96442,             0.97948,             0.79429,            0.014499,            0.020013,            0.001005,           0.0080682,           0.0080682,           0.0080682
                  94,             0.02337,             0.02596,           0.0020213,             0.97957,             0.96435,             0.97959,             0.79518,            0.014469,            0.019971,           0.0010036,           0.0080294,           0.0080294,           0.0080294
                  95,            0.023307,             0.02581,           0.0020071,             0.97927,             0.96478,             0.97957,             0.79588,            0.014437,             0.01993,           0.0010023,           0.0079903,           0.0079903,           0.0079903
                  96,            0.023336,            0.026004,           0.0020141,             0.98028,             0.96403,             0.97956,             0.79639,            0.014405,            0.019887,           0.0010009,           0.0079509,           0.0079509,           0.0079509
                  97,            0.023271,            0.025879,           0.0020108,             0.97963,              0.9649,             0.97964,             0.79698,            0.014375,            0.019847,          0.00099951,           0.0079112,           0.0079112,           0.0079112
                  98,             0.02323,            0.025757,           0.0019962,             0.97986,             0.96501,             0.97969,             0.79761,            0.014344,            0.019808,          0.00099824,           0.0078713,           0.0078713,           0.0078713
                  99,            0.023197,            0.025826,           0.0020093,             0.98041,             0.96459,             0.97972,             0.79804,            0.014313,            0.019767,          0.00099707,           0.0078311,           0.0078311,           0.0078311
                 100,             0.02315,            0.025875,           0.0019915,             0.98019,             0.96497,             0.97974,             0.79834,            0.014281,            0.019728,          0.00099569,           0.0077907,           0.0077907,           0.0077907
                 101,            0.023198,            0.025717,           0.0020054,             0.98037,             0.96503,             0.97986,             0.79884,            0.014252,            0.019689,          0.00099439,             0.00775,             0.00775,             0.00775
                 102,            0.023153,            0.025825,           0.0020026,             0.98188,             0.96377,             0.97985,              0.7994,            0.014222,            0.019647,          0.00099309,           0.0077091,           0.0077091,           0.0077091
                 103,             0.02305,            0.025694,            0.001974,             0.98062,             0.96513,              0.9799,              0.8005,            0.014191,            0.019609,          0.00099188,           0.0076679,           0.0076679,           0.0076679
                 104,             0.02304,            0.025628,            0.001987,             0.98111,             0.96482,                0.98,             0.80078,            0.014164,            0.019571,          0.00099073,           0.0076265,           0.0076265,           0.0076265
                 105,             0.02303,            0.025667,           0.0019849,              0.9814,             0.96485,             0.98008,             0.80111,            0.014136,            0.019533,          0.00098944,           0.0075848,           0.0075848,           0.0075848
                 106,            0.022968,            0.025588,           0.0019819,             0.98101,              0.9654,             0.98018,             0.80145,            0.014106,            0.019492,          0.00098814,            0.007543,            0.007543,            0.007543
                 107,            0.022992,            0.025674,           0.0020041,             0.98105,             0.96556,             0.98021,             0.80177,            0.014076,            0.019454,          0.00098674,           0.0075009,           0.0075009,           0.0075009
                 108,            0.022954,            0.025468,           0.0019811,             0.98058,             0.96618,             0.98025,             0.80225,            0.014047,            0.019417,          0.00098525,           0.0074585,           0.0074585,           0.0074585
                 109,            0.022934,            0.025574,           0.0019905,             0.98127,             0.96572,             0.98029,             0.80278,             0.01402,            0.019379,          0.00098379,            0.007416,            0.007416,            0.007416
                 110,            0.022933,            0.025413,           0.0020048,             0.98061,             0.96645,             0.98031,             0.80342,             0.01399,             0.01934,          0.00098246,           0.0073733,           0.0073733,           0.0073733
                 111,            0.022899,            0.025521,           0.0019894,             0.98077,             0.96655,             0.98035,             0.80372,            0.013962,            0.019303,          0.00098107,           0.0073303,           0.0073303,           0.0073303
                 112,             0.02288,            0.025348,           0.0019815,             0.98158,               0.966,             0.98042,             0.80423,             0.01394,            0.019271,          0.00097978,           0.0072872,           0.0072872,           0.0072872
                 113,            0.022742,            0.025431,           0.0019636,             0.98262,             0.96512,             0.98044,             0.80498,            0.013917,            0.019235,          0.00097851,           0.0072438,           0.0072438,           0.0072438
                 114,            0.022777,            0.025206,           0.0019875,             0.98288,             0.96495,             0.98042,             0.80531,            0.013893,            0.019202,          0.00097737,           0.0072003,           0.0072003,           0.0072003
                 115,            0.022702,            0.025026,           0.0019743,             0.98204,             0.96596,             0.98046,             0.80554,            0.013871,             0.01917,          0.00097631,           0.0071566,           0.0071566,           0.0071566
                 116,            0.022613,            0.025113,           0.0019482,             0.98164,             0.96651,             0.98048,             0.80578,            0.013847,            0.019136,          0.00097497,           0.0071127,           0.0071127,           0.0071127
                 117,            0.022706,            0.025126,           0.0019591,             0.98264,             0.96567,             0.98053,              0.8064,            0.013822,              0.0191,          0.00097372,           0.0070686,           0.0070686,           0.0070686
                 118,            0.022611,            0.025169,           0.0019501,             0.98153,               0.967,             0.98055,             0.80688,            0.013796,            0.019063,          0.00097238,           0.0070243,           0.0070243,           0.0070243
                 119,            0.022691,            0.025173,           0.0019707,             0.98365,             0.96513,             0.98059,             0.80735,            0.013774,             0.01903,          0.00097106,           0.0069799,           0.0069799,           0.0069799
                 120,            0.022623,            0.025123,           0.0019652,             0.98168,              0.9672,             0.98063,              0.8078,            0.013749,            0.018997,          0.00096979,           0.0069353,           0.0069353,           0.0069353
                 121,            0.022553,            0.025093,           0.0019642,             0.98169,             0.96743,              0.9807,             0.80811,            0.013722,            0.018962,          0.00096826,           0.0068906,           0.0068906,           0.0068906
                 122,            0.022595,            0.025092,           0.0019663,             0.98292,             0.96644,             0.98077,             0.80846,            0.013696,            0.018929,          0.00096673,           0.0068457,           0.0068457,           0.0068457
                 123,            0.022515,            0.025064,           0.0019562,             0.98305,             0.96653,             0.98123,             0.80893,            0.013672,            0.018894,          0.00096522,           0.0068006,           0.0068006,           0.0068006
                 124,            0.022462,               0.025,           0.0019571,             0.98242,             0.96724,              0.9812,             0.80937,            0.013645,            0.018859,          0.00096365,           0.0067555,           0.0067555,           0.0067555
                 125,            0.022338,            0.024919,            0.001937,             0.98262,             0.96724,             0.98136,             0.81008,            0.013621,            0.018826,          0.00096218,           0.0067101,           0.0067101,           0.0067101
                 126,            0.022463,            0.024893,           0.0019483,             0.98247,             0.96756,             0.98141,             0.81033,            0.013601,            0.018798,          0.00096069,           0.0066647,           0.0066647,           0.0066647
                 127,            0.022397,             0.02503,           0.0019629,              0.9834,             0.96683,             0.98154,             0.81097,            0.013574,            0.018764,          0.00095917,           0.0066191,           0.0066191,           0.0066191
                 128,            0.022308,             0.02485,           0.0019331,             0.98299,             0.96736,             0.98157,             0.81138,            0.013548,            0.018732,          0.00095798,           0.0065734,           0.0065734,           0.0065734
                 129,            0.022277,            0.024918,           0.0019332,             0.98354,             0.96701,             0.98166,             0.81164,            0.013521,            0.018698,          0.00095653,           0.0065276,           0.0065276,           0.0065276
                 130,            0.022255,            0.024814,           0.0019388,              0.9837,             0.96708,              0.9817,              0.8121,            0.013497,            0.018663,          0.00095511,           0.0064816,           0.0064816,           0.0064816
                 131,            0.022191,            0.024711,           0.0019417,             0.98373,             0.96732,              0.9817,              0.8125,            0.013471,            0.018629,           0.0009537,           0.0064356,           0.0064356,           0.0064356
                 132,            0.022222,            0.024658,           0.0019497,             0.98377,             0.96748,             0.98178,             0.81282,            0.013444,            0.018594,          0.00095233,           0.0063895,           0.0063895,           0.0063895
                 133,            0.022166,            0.024629,           0.0019384,             0.98385,             0.96747,             0.98177,             0.81319,            0.013417,            0.018557,          0.00095079,           0.0063432,           0.0063432,           0.0063432
                 134,            0.022128,            0.024748,           0.0019375,             0.98355,             0.96799,             0.98191,             0.81377,             0.01339,            0.018522,          0.00094954,           0.0062969,           0.0062969,           0.0062969
                 135,            0.022138,            0.024714,           0.0019296,             0.98439,             0.96741,             0.98201,             0.81434,            0.013365,            0.018487,          0.00094818,           0.0062505,           0.0062505,           0.0062505
                 136,            0.022143,             0.02471,           0.0019399,              0.9847,             0.96736,             0.98205,             0.81486,             0.01334,            0.018454,          0.00094687,            0.006204,            0.006204,            0.006204
                 137,            0.021996,            0.024572,           0.0019324,             0.98441,             0.96781,             0.98214,             0.81575,            0.013317,            0.018422,          0.00094556,           0.0061574,           0.0061574,           0.0061574
                 138,            0.022048,            0.024554,           0.0019308,              0.9841,             0.96833,             0.98218,             0.81603,            0.013294,            0.018391,          0.00094426,           0.0061107,           0.0061107,           0.0061107
                 139,            0.021995,            0.024471,           0.0019245,             0.98387,             0.96867,             0.98218,             0.81632,            0.013273,            0.018361,          0.00094302,            0.006064,            0.006064,            0.006064
                 140,            0.021989,            0.024466,           0.0019321,             0.98459,             0.96814,             0.98222,             0.81658,            0.013247,            0.018327,          0.00094174,           0.0060172,           0.0060172,           0.0060172
                 141,             0.02194,            0.024231,           0.0019285,              0.9845,             0.96845,             0.98227,             0.81687,            0.013221,            0.018292,          0.00094029,           0.0059704,           0.0059704,           0.0059704
                 142,            0.021849,            0.024456,           0.0019127,             0.98471,             0.96839,             0.98228,             0.81734,            0.013197,            0.018256,          0.00093921,           0.0059235,           0.0059235,           0.0059235
                 143,            0.021866,            0.024397,           0.0019262,             0.98475,             0.96855,             0.98228,             0.81783,            0.013169,            0.018221,           0.0009381,           0.0058766,           0.0058766,           0.0058766
                 144,            0.021827,            0.024257,           0.0019274,             0.98446,               0.969,             0.98234,             0.81812,            0.013145,            0.018189,          0.00093698,           0.0058296,           0.0058296,           0.0058296
                 145,            0.021816,            0.024346,           0.0019209,             0.98454,             0.96902,             0.98242,             0.81855,            0.013122,            0.018158,          0.00093578,           0.0057826,           0.0057826,           0.0057826
                 146,            0.021786,            0.024381,            0.001916,              0.9851,             0.96865,             0.98248,             0.81886,            0.013097,            0.018124,          0.00093455,           0.0057355,           0.0057355,           0.0057355
                 147,            0.021777,            0.024108,           0.0019167,             0.98529,             0.96863,             0.98252,             0.81954,            0.013075,            0.018092,          0.00093342,           0.0056884,           0.0056884,           0.0056884
                 148,            0.021696,            0.024189,           0.0018955,             0.98537,             0.96871,              0.9825,                0.82,            0.013052,            0.018062,          0.00093245,           0.0056413,           0.0056413,           0.0056413
                 149,            0.021646,            0.024129,           0.0018951,             0.98542,             0.96888,             0.98258,             0.82021,            0.013029,            0.018029,          0.00093121,           0.0055942,           0.0055942,           0.0055942
                 150,             0.02172,            0.024227,           0.0019156,             0.98552,              0.9689,             0.98263,              0.8208,            0.013005,            0.017996,           0.0009302,           0.0055471,           0.0055471,           0.0055471
                 151,            0.021592,            0.024076,           0.0019015,             0.98558,             0.96896,             0.98265,             0.82145,            0.012982,            0.017964,          0.00092907,              0.0055,              0.0055,              0.0055
                 152,            0.021562,            0.024067,           0.0018967,             0.98521,             0.96944,             0.98268,             0.82181,            0.012958,            0.017934,          0.00092809,           0.0054529,           0.0054529,           0.0054529
                 153,             0.02164,            0.024016,           0.0019271,             0.98535,             0.96947,             0.98273,             0.82241,            0.012934,            0.017903,          0.00092697,           0.0054058,           0.0054058,           0.0054058
                 154,            0.021509,            0.023979,           0.0018857,             0.98596,             0.96908,             0.98278,             0.82274,            0.012911,            0.017873,           0.0009259,           0.0053587,           0.0053587,           0.0053587
                 155,            0.021525,            0.024035,            0.001897,             0.98578,             0.96937,             0.98284,             0.82304,            0.012887,            0.017841,           0.0009248,           0.0053116,           0.0053116,           0.0053116
                 156,            0.021417,             0.02386,              0.0019,             0.98571,             0.96961,             0.98284,             0.82329,            0.012863,            0.017805,          0.00092371,           0.0052645,           0.0052645,           0.0052645
                 157,            0.021382,            0.024039,           0.0018801,             0.98642,             0.96904,             0.98287,             0.82361,            0.012838,            0.017771,          0.00092272,           0.0052174,           0.0052174,           0.0052174
                 158,            0.021406,            0.023846,           0.0018971,              0.9866,             0.96914,             0.98294,              0.8239,            0.012815,             0.01774,          0.00092185,           0.0051704,           0.0051704,           0.0051704
                 159,            0.021378,            0.023833,           0.0018887,             0.98697,             0.96892,             0.98292,             0.82468,            0.012791,            0.017709,          0.00092085,           0.0051234,           0.0051234,           0.0051234
                 160,            0.021319,            0.023674,           0.0018889,             0.98682,              0.9692,               0.983,             0.82494,            0.012769,            0.017678,          0.00091984,           0.0050765,           0.0050765,           0.0050765
                 161,            0.021246,            0.023658,           0.0018844,             0.98649,             0.96963,             0.98303,              0.8252,            0.012745,            0.017644,           0.0009187,           0.0050296,           0.0050296,           0.0050296
                 162,            0.021312,            0.023679,           0.0018896,             0.98662,             0.96964,             0.98305,             0.82565,            0.012721,             0.01761,          0.00091768,           0.0049828,           0.0049828,           0.0049828
                 163,            0.021223,            0.023656,            0.001882,             0.98673,             0.96967,             0.98306,             0.82592,            0.012699,            0.017579,           0.0009165,            0.004936,            0.004936,            0.004936
                 164,             0.02121,            0.023647,           0.0018908,             0.98594,             0.97058,              0.9831,              0.8262,            0.012675,            0.017546,          0.00091533,           0.0048893,           0.0048893,           0.0048893
                 165,            0.021209,            0.023616,           0.0018698,             0.98648,              0.9702,             0.98313,             0.82661,            0.012653,            0.017513,          0.00091418,           0.0048426,           0.0048426,           0.0048426
                 166,            0.021118,            0.023749,           0.0018783,             0.98674,             0.97009,             0.98319,             0.82717,            0.012628,            0.017479,           0.0009129,            0.004796,            0.004796,            0.004796
                 167,             0.02114,            0.023445,           0.0018694,             0.98674,             0.97028,             0.98322,             0.82757,            0.012606,            0.017451,          0.00091182,           0.0047495,           0.0047495,           0.0047495
                 168,            0.021004,            0.023439,           0.0018674,             0.98688,              0.9703,             0.98327,             0.82819,            0.012582,            0.017418,          0.00091083,           0.0047031,           0.0047031,           0.0047031
                 169,            0.020985,            0.023501,           0.0018653,             0.98697,             0.97028,             0.98329,             0.82838,            0.012561,            0.017385,          0.00090969,           0.0046568,           0.0046568,           0.0046568
                 170,            0.021053,            0.023495,           0.0018644,             0.98728,             0.97017,             0.98332,             0.82884,            0.012538,            0.017355,          0.00090854,           0.0046105,           0.0046105,           0.0046105
                 171,            0.020952,            0.023303,           0.0018541,             0.98762,             0.96992,             0.98331,             0.82918,            0.012512,            0.017321,          0.00090752,           0.0045644,           0.0045644,           0.0045644
                 172,            0.020901,            0.023443,           0.0018545,             0.98798,              0.9698,             0.98334,             0.82956,            0.012491,            0.017289,          0.00090644,           0.0045184,           0.0045184,           0.0045184
                 173,            0.020898,            0.023413,           0.0018601,             0.98798,             0.96977,             0.98335,             0.83051,            0.012467,            0.017253,          0.00090526,           0.0044724,           0.0044724,           0.0044724
                 174,            0.020817,            0.023234,           0.0018572,             0.98767,             0.97019,             0.98338,             0.83114,            0.012443,            0.017218,          0.00090403,           0.0044266,           0.0044266,           0.0044266
                 175,            0.020865,            0.023321,           0.0018791,             0.98784,             0.97011,             0.98342,             0.83159,            0.012417,            0.017183,          0.00090294,           0.0043809,           0.0043809,           0.0043809
                 176,            0.020798,            0.023223,            0.001874,             0.98814,             0.96986,             0.98342,             0.83188,            0.012394,            0.017152,          0.00090192,           0.0043353,           0.0043353,           0.0043353
                 177,            0.020732,            0.023152,           0.0018515,             0.98874,             0.96943,             0.98346,              0.8322,            0.012371,            0.017118,          0.00090079,           0.0042899,           0.0042899,           0.0042899
                 178,             0.02074,            0.023121,           0.0018447,             0.98878,             0.96946,             0.98347,             0.83269,            0.012345,            0.017084,          0.00089957,           0.0042445,           0.0042445,           0.0042445
                 179,            0.020671,            0.023141,           0.0018391,             0.98743,             0.97084,              0.9835,             0.83303,            0.012321,            0.017052,          0.00089858,           0.0041994,           0.0041994,           0.0041994
                 180,            0.020627,            0.022955,           0.0018517,             0.98793,             0.97051,             0.98355,             0.83334,            0.012297,            0.017018,          0.00089748,           0.0041543,           0.0041543,           0.0041543
                 181,            0.020652,            0.022973,           0.0018604,             0.98807,             0.97042,             0.98356,             0.83386,            0.012273,            0.016985,          0.00089636,           0.0041094,           0.0041094,           0.0041094
                 182,            0.020568,            0.022844,           0.0018404,             0.98831,             0.97033,              0.9836,             0.83405,            0.012249,            0.016954,          0.00089516,           0.0040647,           0.0040647,           0.0040647
                 183,            0.020586,            0.023011,           0.0018406,             0.98811,             0.97069,              0.9836,             0.83495,            0.012226,            0.016923,          0.00089416,           0.0040201,           0.0040201,           0.0040201
                 184,             0.02044,            0.022696,           0.0018326,             0.98843,             0.97054,              0.9836,             0.83525,            0.012204,            0.016893,            0.000893,           0.0039757,           0.0039757,           0.0039757
                 185,            0.020434,            0.022866,           0.0018382,              0.9884,             0.97064,             0.98363,              0.8356,             0.01218,             0.01686,           0.0008919,           0.0039314,           0.0039314,           0.0039314
                 186,            0.020388,            0.022756,           0.0018252,             0.98856,             0.97054,             0.98364,              0.8361,            0.012157,            0.016827,          0.00089077,           0.0038873,           0.0038873,           0.0038873
                 187,            0.020372,            0.022772,           0.0018353,              0.9888,              0.9704,             0.98369,             0.83659,            0.012135,            0.016797,          0.00088965,           0.0038434,           0.0038434,           0.0038434
                 188,            0.020311,            0.022709,           0.0018125,             0.98867,             0.97055,              0.9837,             0.83685,            0.012111,            0.016764,          0.00088855,           0.0037997,           0.0037997,           0.0037997
                 189,             0.02031,            0.022563,           0.0018386,             0.98849,             0.97082,             0.98375,             0.83726,            0.012089,            0.016735,           0.0008874,           0.0037562,           0.0037562,           0.0037562
                 190,             0.02025,            0.022602,           0.0018188,             0.98862,             0.97085,             0.98378,             0.83767,            0.012065,            0.016701,          0.00088622,           0.0037128,           0.0037128,           0.0037128
                 191,            0.020316,            0.022603,           0.0018281,             0.98906,             0.97054,             0.98377,             0.83791,            0.012044,            0.016672,          0.00088522,           0.0036697,           0.0036697,           0.0036697
                 192,            0.020215,             0.02257,           0.0018312,             0.98888,             0.97084,             0.98378,             0.83829,            0.012023,            0.016639,          0.00088407,           0.0036267,           0.0036267,           0.0036267
                 193,            0.020207,            0.022562,            0.001826,              0.9887,             0.97117,             0.98382,             0.83859,            0.012003,            0.016612,          0.00088316,            0.003584,            0.003584,            0.003584
                 194,            0.020225,            0.022605,            0.001839,             0.98879,             0.97114,             0.98383,             0.83913,             0.01198,            0.016579,          0.00088215,           0.0035415,           0.0035415,           0.0035415
                 195,            0.020144,            0.022457,           0.0018159,             0.98888,             0.97113,             0.98384,             0.83938,            0.011958,             0.01655,          0.00088121,           0.0034991,           0.0034991,           0.0034991
                 196,            0.020057,            0.022466,           0.0018112,               0.989,              0.9711,             0.98386,             0.83977,            0.011936,            0.016521,          0.00088013,            0.003457,            0.003457,            0.003457
